Episode 0, Score: 3.0, eps: 0.22229219984074702
Episode 1, Score: 2.0, eps: 0.0494138221100385
Episode 2, Score: 0.0, eps: 0.01098430721937979
Episode 3, Score: 1.0, eps: 0.01
Episode 4, Score: -1.0, eps: 0.01
Episode 5, Score: 4.0, eps: 0.01
Episode 6, Score: 5.0, eps: 0.01
Episode 7, Score: 2.0, eps: 0.01
Episode 8, Score: 6.0, eps: 0.01
Episode 9, Score: 7.0, eps: 0.01
Episode 10, Score: 4.0, eps: 0.01
Episode 11, Score: 2.0, eps: 0.01
Episode 12, Score: 8.0, eps: 0.01
Episode 13, Score: 4.0, eps: 0.01
Episode 14, Score: 5.0, eps: 0.01
Episode 15, Score: 1.0, eps: 0.01
Episode 16, Score: 4.0, eps: 0.01
Episode 17, Score: 0.0, eps: 0.01
Episode 18, Score: 3.0, eps: 0.01
Episode 19, Score: 5.0, eps: 0.01
Episode 20, Score: 7.0, eps: 0.01
Episode 21, Score: 3.0, eps: 0.01
Episode 22, Score: 4.0, eps: 0.01
Episode 23, Score: 4.0, eps: 0.01
Episode 24, Score: 9.0, eps: 0.01
Episode 25, Score: 10.0, eps: 0.01
Episode 26, Score: 3.0, eps: 0.01
Episode 27, Score: 12.0, eps: 0.01
Episode 28, Score: -1.0, eps: 0.01
Episode 29, Score: 12.0, eps: 0.01
Episode 30, Score: 4.0, eps: 0.01
Episode 31, Score: 6.0, eps: 0.01
Episode 32, Score: 4.0, eps: 0.01
Episode 33, Score: 4.0, eps: 0.01
Episode 34, Score: 16.0, eps: 0.01
Episode 35, Score: 6.0, eps: 0.01
Episode 36, Score: 7.0, eps: 0.01
Episode 37, Score: 3.0, eps: 0.01
Episode 38, Score: 10.0, eps: 0.01
Episode 39, Score: 7.0, eps: 0.01
Episode 40, Score: 11.0, eps: 0.01
Episode 41, Score: 7.0, eps: 0.01
Episode 42, Score: 13.0, eps: 0.01
Episode 43, Score: 12.0, eps: 0.01
Episode 44, Score: 9.0, eps: 0.01
Episode 45, Score: -1.0, eps: 0.01
Episode 46, Score: 7.0, eps: 0.01
Episode 47, Score: 13.0, eps: 0.01
Episode 48, Score: 7.0, eps: 0.01
Episode 49, Score: 10.0, eps: 0.01
Episode 50, Score: 8.0, eps: 0.01
Episode 51, Score: 9.0, eps: 0.01
Episode 52, Score: 11.0, eps: 0.01
Episode 53, Score: 6.0, eps: 0.01
Episode 54, Score: 11.0, eps: 0.01
Episode 55, Score: 11.0, eps: 0.01
Episode 56, Score: 14.0, eps: 0.01
Episode 57, Score: 0.0, eps: 0.01
Episode 58, Score: 13.0, eps: 0.01
Episode 59, Score: 14.0, eps: 0.01
Episode 60, Score: 14.0, eps: 0.01
Episode 61, Score: 10.0, eps: 0.01
Episode 62, Score: 14.0, eps: 0.01
Episode 63, Score: 9.0, eps: 0.01
Episode 64, Score: 7.0, eps: 0.01
Episode 65, Score: 3.0, eps: 0.01
Episode 66, Score: 2.0, eps: 0.01
Episode 67, Score: 7.0, eps: 0.01
Episode 68, Score: 12.0, eps: 0.01
Episode 69, Score: 9.0, eps: 0.01
Episode 70, Score: 14.0, eps: 0.01
Episode 71, Score: 15.0, eps: 0.01
Episode 72, Score: 11.0, eps: 0.01
Episode 73, Score: 11.0, eps: 0.01
Episode 74, Score: 6.0, eps: 0.01
Episode 75, Score: 1.0, eps: 0.01
Episode 76, Score: 6.0, eps: 0.01
Episode 77, Score: 13.0, eps: 0.01
Episode 78, Score: 15.0, eps: 0.01
Episode 79, Score: 19.0, eps: 0.01
Episode 80, Score: 4.0, eps: 0.01
Episode 81, Score: -1.0, eps: 0.01
Episode 82, Score: 14.0, eps: 0.01
Episode 83, Score: 5.0, eps: 0.01
Episode 84, Score: 19.0, eps: 0.01
Episode 85, Score: 17.0, eps: 0.01
Episode 86, Score: 9.0, eps: 0.01
Episode 87, Score: 17.0, eps: 0.01
Episode 88, Score: 9.0, eps: 0.01
Episode 89, Score: 2.0, eps: 0.01
Episode 90, Score: 11.0, eps: 0.01
Episode 91, Score: 14.0, eps: 0.01
Episode 92, Score: 11.0, eps: 0.01
Episode 93, Score: 9.0, eps: 0.01
Episode 94, Score: 5.0, eps: 0.01
Episode 95, Score: 5.0, eps: 0.01
Episode 96, Score: 7.0, eps: 0.01
Episode 97, Score: 5.0, eps: 0.01
Episode 98, Score: 13.0, eps: 0.01
Episode 99, Score: 17.0, eps: 0.01
Episode 100, Score: 13.0, eps: 0.01
Episode 101, Score: 8.0, eps: 0.01
Episode 102, Score: 10.0, eps: 0.01
Episode 103, Score: 19.0, eps: 0.01
Episode 104, Score: 12.0, eps: 0.01
Episode 105, Score: 13.0, eps: 0.01
Episode 106, Score: 19.0, eps: 0.01
Episode 107, Score: 12.0, eps: 0.01
Episode 108, Score: 11.0, eps: 0.01
Episode 109, Score: 4.0, eps: 0.01
Episode 110, Score: 12.0, eps: 0.01
Episode 111, Score: 13.0, eps: 0.01
Episode 112, Score: 10.0, eps: 0.01
Episode 113, Score: 17.0, eps: 0.01
Episode 114, Score: 3.0, eps: 0.01
Episode 115, Score: 13.0, eps: 0.01
Episode 116, Score: 9.0, eps: 0.01
Episode 117, Score: 17.0, eps: 0.01
Episode 118, Score: 16.0, eps: 0.01
Episode 119, Score: 12.0, eps: 0.01
Episode 120, Score: 15.0, eps: 0.01
Episode 121, Score: 14.0, eps: 0.01
Episode 122, Score: 16.0, eps: 0.01
Episode 123, Score: 12.0, eps: 0.01
Episode 124, Score: 6.0, eps: 0.01
Episode 125, Score: 19.0, eps: 0.01
Episode 126, Score: 16.0, eps: 0.01
Episode 127, Score: 14.0, eps: 0.01
Episode 128, Score: 15.0, eps: 0.01
Episode 129, Score: 10.0, eps: 0.01
Episode 130, Score: 14.0, eps: 0.01
Episode 131, Score: 8.0, eps: 0.01
Episode 132, Score: 8.0, eps: 0.01
Episode 133, Score: 9.0, eps: 0.01
Episode 134, Score: 15.0, eps: 0.01
Episode 135, Score: 13.0, eps: 0.01
Episode 136, Score: 12.0, eps: 0.01
Episode 137, Score: 15.0, eps: 0.01
Episode 138, Score: 16.0, eps: 0.01
Episode 139, Score: 11.0, eps: 0.01
Episode 140, Score: 14.0, eps: 0.01
Episode 141, Score: 13.0, eps: 0.01
Episode 142, Score: 14.0, eps: 0.01
Episode 143, Score: 3.0, eps: 0.01
Episode 144, Score: 10.0, eps: 0.01
Episode 145, Score: 7.0, eps: 0.01
Episode 146, Score: 19.0, eps: 0.01
Episode 147, Score: 11.0, eps: 0.01
Episode 148, Score: 21.0, eps: 0.01
Episode 149, Score: 17.0, eps: 0.01
Episode 150, Score: 12.0, eps: 0.01
Episode 151, Score: 19.0, eps: 0.01
Episode 152, Score: 14.0, eps: 0.01
Episode 153, Score: 16.0, eps: 0.01
Episode 154, Score: 11.0, eps: 0.01
Episode 155, Score: 11.0, eps: 0.01
Episode 156, Score: 17.0, eps: 0.01
Episode 157, Score: 13.0, eps: 0.01
Episode 158, Score: 19.0, eps: 0.01
Episode 159, Score: 14.0, eps: 0.01
Episode 160, Score: 12.0, eps: 0.01
Episode 161, Score: 11.0, eps: 0.01
Episode 162, Score: 16.0, eps: 0.01
Episode 163, Score: 14.0, eps: 0.01
Episode 164, Score: 8.0, eps: 0.01
Episode 165, Score: 4.0, eps: 0.01
Episode 166, Score: 7.0, eps: 0.01
Episode 167, Score: 20.0, eps: 0.01
Episode 168, Score: 9.0, eps: 0.01
Episode 169, Score: 14.0, eps: 0.01
Episode 170, Score: 11.0, eps: 0.01
Episode 171, Score: 9.0, eps: 0.01
Episode 172, Score: 16.0, eps: 0.01
Episode 173, Score: 11.0, eps: 0.01
Episode 174, Score: 9.0, eps: 0.01
Episode 175, Score: 7.0, eps: 0.01
Episode 176, Score: 11.0, eps: 0.01
Episode 177, Score: 14.0, eps: 0.01
Episode 178, Score: 13.0, eps: 0.01
Episode 179, Score: 9.0, eps: 0.01
Episode 180, Score: 13.0, eps: 0.01
Episode 181, Score: 6.0, eps: 0.01
Episode 182, Score: 6.0, eps: 0.01
Episode 183, Score: 14.0, eps: 0.01
Episode 184, Score: 13.0, eps: 0.01
Episode 185, Score: 14.0, eps: 0.01
Episode 186, Score: 13.0, eps: 0.01
Episode 187, Score: 17.0, eps: 0.01
Episode 188, Score: 19.0, eps: 0.01
Episode 189, Score: 5.0, eps: 0.01
Episode 190, Score: 18.0, eps: 0.01
Episode 191, Score: 13.0, eps: 0.01
Episode 192, Score: 14.0, eps: 0.01
Episode 193, Score: 18.0, eps: 0.01
Episode 194, Score: 14.0, eps: 0.01
Episode 195, Score: 11.0, eps: 0.01
Episode 196, Score: 13.0, eps: 0.01
Episode 197, Score: 5.0, eps: 0.01
Episode 198, Score: 11.0, eps: 0.01
Episode 199, Score: 16.0, eps: 0.01
Episode 200, Score: 9.0, eps: 0.01
Episode 201, Score: 15.0, eps: 0.01
Episode 202, Score: 14.0, eps: 0.01
Episode 203, Score: 10.0, eps: 0.01
Episode 204, Score: 10.0, eps: 0.01
Episode 205, Score: 12.0, eps: 0.01
Episode 206, Score: 12.0, eps: 0.01
Episode 207, Score: 12.0, eps: 0.01
Episode 208, Score: 16.0, eps: 0.01
Episode 209, Score: 12.0, eps: 0.01
Episode 210, Score: 17.0, eps: 0.01
Episode 211, Score: 6.0, eps: 0.01
Episode 212, Score: 12.0, eps: 0.01
Episode 213, Score: 11.0, eps: 0.01
Episode 214, Score: 7.0, eps: 0.01
Episode 215, Score: 17.0, eps: 0.01
Episode 216, Score: 18.0, eps: 0.01
Episode 217, Score: 15.0, eps: 0.01
Episode 218, Score: 17.0, eps: 0.01
Episode 219, Score: 16.0, eps: 0.01
Episode 220, Score: 12.0, eps: 0.01
Episode 221, Score: 15.0, eps: 0.01
Episode 222, Score: 9.0, eps: 0.01
Episode 223, Score: 17.0, eps: 0.01
Episode 224, Score: 14.0, eps: 0.01
Episode 225, Score: 11.0, eps: 0.01
Episode 226, Score: 15.0, eps: 0.01
Episode 227, Score: 11.0, eps: 0.01
Episode 228, Score: 18.0, eps: 0.01
Episode 229, Score: 14.0, eps: 0.01
Episode 230, Score: 16.0, eps: 0.01
Episode 231, Score: 11.0, eps: 0.01
Episode 232, Score: 14.0, eps: 0.01
Episode 233, Score: 12.0, eps: 0.01
Episode 234, Score: 20.0, eps: 0.01
Episode 235, Score: 11.0, eps: 0.01
Episode 236, Score: 17.0, eps: 0.01
Episode 237, Score: 10.0, eps: 0.01
Episode 238, Score: 16.0, eps: 0.01
Episode 239, Score: 15.0, eps: 0.01
Episode 240, Score: 15.0, eps: 0.01
Episode 241, Score: 15.0, eps: 0.01
Episode 242, Score: 12.0, eps: 0.01
Episode 243, Score: 12.0, eps: 0.01
Episode 244, Score: 15.0, eps: 0.01
Episode 245, Score: 13.0, eps: 0.01
Episode 246, Score: 15.0, eps: 0.01
Episode 247, Score: 16.0, eps: 0.01
Episode 248, Score: 14.0, eps: 0.01
Episode 249, Score: 14.0, eps: 0.01
Episode 250, Score: 15.0, eps: 0.01
Episode 251, Score: 19.0, eps: 0.01
Episode 252, Score: 14.0, eps: 0.01
Episode 253, Score: 19.0, eps: 0.01
Episode 254, Score: 16.0, eps: 0.01
Episode 255, Score: 12.0, eps: 0.01
Episode 256, Score: 14.0, eps: 0.01
Episode 257, Score: 14.0, eps: 0.01
Episode 258, Score: 15.0, eps: 0.01
Episode 259, Score: 17.0, eps: 0.01
Episode 260, Score: 13.0, eps: 0.01
Episode 261, Score: 12.0, eps: 0.01
Episode 262, Score: 6.0, eps: 0.01
Episode 263, Score: 12.0, eps: 0.01
Episode 264, Score: 13.0, eps: 0.01
Episode 265, Score: 13.0, eps: 0.01
Episode 266, Score: 16.0, eps: 0.01
Episode 267, Score: 8.0, eps: 0.01
Episode 268, Score: 12.0, eps: 0.01
Episode 269, Score: 14.0, eps: 0.01
Episode 270, Score: 4.0, eps: 0.01
Episode 271, Score: 14.0, eps: 0.01
Episode 272, Score: 4.0, eps: 0.01
Episode 273, Score: 15.0, eps: 0.01
Episode 274, Score: 18.0, eps: 0.01
Episode 275, Score: 19.0, eps: 0.01
Episode 276, Score: 17.0, eps: 0.01
Episode 277, Score: 12.0, eps: 0.01
Episode 278, Score: 17.0, eps: 0.01
Episode 279, Score: 8.0, eps: 0.01
Episode 280, Score: 18.0, eps: 0.01
Episode 281, Score: 11.0, eps: 0.01
Episode 282, Score: 11.0, eps: 0.01
Episode 283, Score: 11.0, eps: 0.01
Episode 284, Score: 8.0, eps: 0.01
Episode 285, Score: 16.0, eps: 0.01
Episode 286, Score: 8.0, eps: 0.01
Episode 287, Score: 19.0, eps: 0.01
Episode 288, Score: 10.0, eps: 0.01
Episode 289, Score: 11.0, eps: 0.01
Episode 290, Score: 5.0, eps: 0.01
Episode 291, Score: 12.0, eps: 0.01
Episode 292, Score: 16.0, eps: 0.01
Episode 293, Score: 15.0, eps: 0.01
Episode 294, Score: 11.0, eps: 0.01
Episode 295, Score: 14.0, eps: 0.01
Episode 296, Score: 9.0, eps: 0.01
Episode 297, Score: 11.0, eps: 0.01
Episode 298, Score: 6.0, eps: 0.01
Episode 299, Score: 12.0, eps: 0.01
Episode 300, Score: 12.0, eps: 0.01
Episode 301, Score: 6.0, eps: 0.01
Episode 302, Score: 17.0, eps: 0.01
Episode 303, Score: 14.0, eps: 0.01
Episode 304, Score: 16.0, eps: 0.01
Episode 305, Score: 5.0, eps: 0.01
Episode 306, Score: 9.0, eps: 0.01
Episode 307, Score: 14.0, eps: 0.01
Episode 308, Score: 19.0, eps: 0.01
Episode 309, Score: 7.0, eps: 0.01
Episode 310, Score: 9.0, eps: 0.01
Episode 311, Score: 18.0, eps: 0.01
Episode 312, Score: 9.0, eps: 0.01
Episode 313, Score: 18.0, eps: 0.01
Episode 314, Score: 14.0, eps: 0.01
Episode 315, Score: 9.0, eps: 0.01
Episode 316, Score: 13.0, eps: 0.01
Episode 317, Score: 10.0, eps: 0.01
Episode 318, Score: 14.0, eps: 0.01
Episode 319, Score: 12.0, eps: 0.01
Episode 320, Score: 18.0, eps: 0.01
Episode 321, Score: 13.0, eps: 0.01
Episode 322, Score: 18.0, eps: 0.01
Episode 323, Score: 19.0, eps: 0.01
Episode 324, Score: 16.0, eps: 0.01
Episode 325, Score: 5.0, eps: 0.01
Episode 326, Score: 14.0, eps: 0.01
Episode 327, Score: 21.0, eps: 0.01
Episode 328, Score: 11.0, eps: 0.01
Episode 329, Score: 18.0, eps: 0.01
Episode 330, Score: 12.0, eps: 0.01
Episode 331, Score: 10.0, eps: 0.01
Episode 332, Score: 11.0, eps: 0.01
Episode 333, Score: 10.0, eps: 0.01
Episode 334, Score: 14.0, eps: 0.01
Episode 335, Score: 8.0, eps: 0.01
Episode 336, Score: 11.0, eps: 0.01
Episode 337, Score: 14.0, eps: 0.01
Episode 338, Score: 17.0, eps: 0.01
Episode 339, Score: 15.0, eps: 0.01
Episode 340, Score: 14.0, eps: 0.01
Episode 341, Score: 16.0, eps: 0.01
Episode 342, Score: 13.0, eps: 0.01
Episode 343, Score: 14.0, eps: 0.01
Episode 344, Score: 14.0, eps: 0.01
Episode 345, Score: 9.0, eps: 0.01
Episode 346, Score: 9.0, eps: 0.01
Episode 347, Score: 13.0, eps: 0.01
Episode 348, Score: 12.0, eps: 0.01
Episode 349, Score: 17.0, eps: 0.01
Episode 350, Score: 12.0, eps: 0.01
Episode 351, Score: 18.0, eps: 0.01
Episode 352, Score: 5.0, eps: 0.01
Episode 353, Score: 12.0, eps: 0.01
Episode 354, Score: 23.0, eps: 0.01
Episode 355, Score: 11.0, eps: 0.01
Episode 356, Score: 12.0, eps: 0.01
Episode 357, Score: 13.0, eps: 0.01
Episode 358, Score: 14.0, eps: 0.01
Episode 359, Score: 21.0, eps: 0.01
Episode 360, Score: 14.0, eps: 0.01
Episode 361, Score: 11.0, eps: 0.01
Episode 362, Score: 6.0, eps: 0.01
Episode 363, Score: 13.0, eps: 0.01
Episode 364, Score: 9.0, eps: 0.01
Episode 365, Score: 20.0, eps: 0.01
Episode 366, Score: 15.0, eps: 0.01
Episode 367, Score: 13.0, eps: 0.01
Episode 368, Score: 14.0, eps: 0.01
Episode 369, Score: 20.0, eps: 0.01
Episode 370, Score: 7.0, eps: 0.01
Episode 371, Score: 21.0, eps: 0.01
Episode 372, Score: 11.0, eps: 0.01
Episode 373, Score: 4.0, eps: 0.01
Episode 374, Score: 11.0, eps: 0.01
Episode 375, Score: 11.0, eps: 0.01
Episode 376, Score: 12.0, eps: 0.01
Episode 377, Score: 12.0, eps: 0.01
Episode 378, Score: 13.0, eps: 0.01
Episode 379, Score: 17.0, eps: 0.01
Episode 380, Score: 12.0, eps: 0.01
Episode 381, Score: 17.0, eps: 0.01
Episode 382, Score: 17.0, eps: 0.01
Episode 383, Score: 14.0, eps: 0.01
Episode 384, Score: 16.0, eps: 0.01
Episode 385, Score: 13.0, eps: 0.01
Episode 386, Score: 12.0, eps: 0.01
Episode 387, Score: 18.0, eps: 0.01
Episode 388, Score: 15.0, eps: 0.01
Episode 389, Score: 10.0, eps: 0.01
Episode 390, Score: 23.0, eps: 0.01
Episode 391, Score: 20.0, eps: 0.01
Episode 392, Score: 11.0, eps: 0.01
Episode 393, Score: 16.0, eps: 0.01
Episode 394, Score: 21.0, eps: 0.01
Episode 395, Score: 21.0, eps: 0.01
Episode 396, Score: 14.0, eps: 0.01
Episode 397, Score: 17.0, eps: 0.01
Episode 398, Score: 9.0, eps: 0.01
Episode 399, Score: 16.0, eps: 0.01
Episode 400, Score: 5.0, eps: 0.01
Episode 401, Score: 11.0, eps: 0.01
Episode 402, Score: 19.0, eps: 0.01
Episode 403, Score: 12.0, eps: 0.01
Episode 404, Score: 16.0, eps: 0.01
Episode 405, Score: 11.0, eps: 0.01
Episode 406, Score: 12.0, eps: 0.01
Episode 407, Score: 13.0, eps: 0.01
Episode 408, Score: 14.0, eps: 0.01
Episode 409, Score: 15.0, eps: 0.01
Episode 410, Score: 20.0, eps: 0.01
Episode 411, Score: 9.0, eps: 0.01
Episode 412, Score: 13.0, eps: 0.01
Episode 413, Score: 18.0, eps: 0.01
Episode 414, Score: 14.0, eps: 0.01
Episode 415, Score: 15.0, eps: 0.01
Episode 416, Score: 10.0, eps: 0.01
Episode 417, Score: 15.0, eps: 0.01
Episode 418, Score: 12.0, eps: 0.01
Episode 419, Score: 16.0, eps: 0.01
Episode 420, Score: 15.0, eps: 0.01
Episode 421, Score: 7.0, eps: 0.01
Episode 422, Score: 18.0, eps: 0.01
Episode 423, Score: 7.0, eps: 0.01
Episode 424, Score: 14.0, eps: 0.01
Episode 425, Score: 13.0, eps: 0.01
Episode 426, Score: 14.0, eps: 0.01
Episode 427, Score: 15.0, eps: 0.01
Episode 428, Score: 12.0, eps: 0.01
Episode 429, Score: 16.0, eps: 0.01
Episode 430, Score: 15.0, eps: 0.01
Episode 431, Score: 14.0, eps: 0.01
Episode 432, Score: 10.0, eps: 0.01
Episode 433, Score: 20.0, eps: 0.01
Episode 434, Score: 19.0, eps: 0.01
Episode 435, Score: 16.0, eps: 0.01
Episode 436, Score: 9.0, eps: 0.01
Episode 437, Score: 13.0, eps: 0.01
Episode 438, Score: 9.0, eps: 0.01
Episode 439, Score: 16.0, eps: 0.01
Episode 440, Score: 8.0, eps: 0.01
Episode 441, Score: 20.0, eps: 0.01
Episode 442, Score: 11.0, eps: 0.01
Episode 443, Score: 13.0, eps: 0.01
Episode 444, Score: 17.0, eps: 0.01
Episode 445, Score: 14.0, eps: 0.01
Episode 446, Score: 8.0, eps: 0.01
Episode 447, Score: 16.0, eps: 0.01
Episode 448, Score: 13.0, eps: 0.01
Episode 449, Score: 12.0, eps: 0.01
Episode 450, Score: 14.0, eps: 0.01
Episode 451, Score: 3.0, eps: 0.01
Episode 452, Score: 12.0, eps: 0.01
Episode 453, Score: 14.0, eps: 0.01
Episode 454, Score: 19.0, eps: 0.01
Episode 455, Score: 11.0, eps: 0.01
Episode 456, Score: 17.0, eps: 0.01
Episode 457, Score: 11.0, eps: 0.01
Episode 458, Score: 14.0, eps: 0.01
Episode 459, Score: 16.0, eps: 0.01
Episode 460, Score: 10.0, eps: 0.01
Episode 461, Score: 15.0, eps: 0.01
Episode 462, Score: 6.0, eps: 0.01
Episode 463, Score: 14.0, eps: 0.01
Episode 464, Score: 17.0, eps: 0.01
Episode 465, Score: 9.0, eps: 0.01
Episode 466, Score: 19.0, eps: 0.01
Episode 467, Score: 16.0, eps: 0.01
Episode 468, Score: 16.0, eps: 0.01
Episode 469, Score: 15.0, eps: 0.01
Episode 470, Score: 12.0, eps: 0.01
Episode 471, Score: 18.0, eps: 0.01
Episode 472, Score: 25.0, eps: 0.01
Episode 473, Score: 17.0, eps: 0.01
Episode 474, Score: 11.0, eps: 0.01
Episode 475, Score: 16.0, eps: 0.01
Episode 476, Score: 12.0, eps: 0.01
Episode 477, Score: 18.0, eps: 0.01
Episode 478, Score: 8.0, eps: 0.01
Episode 479, Score: 14.0, eps: 0.01
Episode 480, Score: 15.0, eps: 0.01
Episode 481, Score: 25.0, eps: 0.01
Episode 482, Score: 18.0, eps: 0.01
Episode 483, Score: 12.0, eps: 0.01
Episode 484, Score: 10.0, eps: 0.01
Episode 485, Score: 14.0, eps: 0.01
Episode 486, Score: 6.0, eps: 0.01
Episode 487, Score: 17.0, eps: 0.01
Episode 488, Score: 15.0, eps: 0.01
Episode 489, Score: 11.0, eps: 0.01
Episode 490, Score: 16.0, eps: 0.01
Episode 491, Score: 14.0, eps: 0.01
Episode 492, Score: 11.0, eps: 0.01
Episode 493, Score: 13.0, eps: 0.01
Episode 494, Score: 20.0, eps: 0.01
Episode 495, Score: 16.0, eps: 0.01
Episode 496, Score: 16.0, eps: 0.01
Episode 497, Score: 6.0, eps: 0.01
Episode 498, Score: 6.0, eps: 0.01
Episode 499, Score: 20.0, eps: 0.01
Episode 500, Score: 9.0, eps: 0.01
Episode 501, Score: 9.0, eps: 0.01
Episode 502, Score: 21.0, eps: 0.01
Episode 503, Score: 16.0, eps: 0.01
Episode 504, Score: 10.0, eps: 0.01
Episode 505, Score: 21.0, eps: 0.01
Episode 506, Score: 16.0, eps: 0.01
Episode 507, Score: 11.0, eps: 0.01
Episode 508, Score: 10.0, eps: 0.01
Episode 509, Score: 14.0, eps: 0.01
Episode 510, Score: 14.0, eps: 0.01
Episode 511, Score: 8.0, eps: 0.01
Episode 512, Score: 14.0, eps: 0.01
Episode 513, Score: 17.0, eps: 0.01
Episode 514, Score: 12.0, eps: 0.01
Episode 515, Score: 16.0, eps: 0.01
Episode 516, Score: 12.0, eps: 0.01
Episode 517, Score: 13.0, eps: 0.01
Episode 518, Score: 4.0, eps: 0.01
Episode 519, Score: 19.0, eps: 0.01
Episode 520, Score: 14.0, eps: 0.01
Episode 521, Score: 17.0, eps: 0.01
Episode 522, Score: 18.0, eps: 0.01
Episode 523, Score: 13.0, eps: 0.01
Episode 524, Score: 13.0, eps: 0.01
Episode 525, Score: 14.0, eps: 0.01
Episode 526, Score: 18.0, eps: 0.01
Episode 527, Score: 14.0, eps: 0.01
Episode 528, Score: 13.0, eps: 0.01
Episode 529, Score: 13.0, eps: 0.01
Episode 530, Score: 13.0, eps: 0.01
Episode 531, Score: 14.0, eps: 0.01
Episode 532, Score: 13.0, eps: 0.01
Episode 533, Score: 15.0, eps: 0.01
Episode 534, Score: 15.0, eps: 0.01
Episode 535, Score: 12.0, eps: 0.01
Episode 536, Score: 14.0, eps: 0.01
Episode 537, Score: 20.0, eps: 0.01
Episode 538, Score: 18.0, eps: 0.01
Episode 539, Score: 13.0, eps: 0.01
Episode 540, Score: 15.0, eps: 0.01
Episode 541, Score: 17.0, eps: 0.01
Episode 542, Score: 15.0, eps: 0.01
Episode 543, Score: 18.0, eps: 0.01
Episode 544, Score: 18.0, eps: 0.01
Episode 545, Score: 11.0, eps: 0.01
Episode 546, Score: 10.0, eps: 0.01
Episode 547, Score: 15.0, eps: 0.01
Episode 548, Score: 19.0, eps: 0.01
Episode 549, Score: 16.0, eps: 0.01
Episode 550, Score: 16.0, eps: 0.01
Episode 551, Score: 14.0, eps: 0.01
Episode 552, Score: 20.0, eps: 0.01
Episode 553, Score: 12.0, eps: 0.01
Episode 554, Score: 16.0, eps: 0.01
Episode 555, Score: 24.0, eps: 0.01
Episode 556, Score: 18.0, eps: 0.01
Episode 557, Score: 18.0, eps: 0.01
Episode 558, Score: 16.0, eps: 0.01
Episode 559, Score: 11.0, eps: 0.01
Episode 560, Score: 16.0, eps: 0.01
Episode 561, Score: 16.0, eps: 0.01
Episode 562, Score: 14.0, eps: 0.01
Episode 563, Score: 6.0, eps: 0.01
Episode 564, Score: 11.0, eps: 0.01
Episode 565, Score: 13.0, eps: 0.01
Episode 566, Score: 12.0, eps: 0.01
Episode 567, Score: 22.0, eps: 0.01
Episode 568, Score: 14.0, eps: 0.01
Episode 569, Score: 12.0, eps: 0.01
Episode 570, Score: 11.0, eps: 0.01
Episode 571, Score: 17.0, eps: 0.01
Episode 572, Score: 19.0, eps: 0.01
Episode 573, Score: 15.0, eps: 0.01
Episode 574, Score: 18.0, eps: 0.01
Episode 575, Score: 19.0, eps: 0.01
Episode 576, Score: 19.0, eps: 0.01
Episode 577, Score: 22.0, eps: 0.01
Episode 578, Score: 15.0, eps: 0.01
Episode 579, Score: 15.0, eps: 0.01
Episode 580, Score: 16.0, eps: 0.01
Episode 581, Score: 17.0, eps: 0.01
Episode 582, Score: 16.0, eps: 0.01
Episode 583, Score: 19.0, eps: 0.01
Episode 584, Score: 15.0, eps: 0.01
Episode 585, Score: 9.0, eps: 0.01
Episode 586, Score: 19.0, eps: 0.01
Episode 587, Score: 14.0, eps: 0.01
Episode 588, Score: 14.0, eps: 0.01
Episode 589, Score: 14.0, eps: 0.01
Episode 590, Score: 13.0, eps: 0.01
Episode 591, Score: 11.0, eps: 0.01
Episode 592, Score: 14.0, eps: 0.01
Episode 593, Score: 18.0, eps: 0.01
Episode 594, Score: 15.0, eps: 0.01
Episode 595, Score: 13.0, eps: 0.01
Episode 596, Score: 15.0, eps: 0.01
Episode 597, Score: 25.0, eps: 0.01
Episode 598, Score: 9.0, eps: 0.01
Episode 599, Score: 15.0, eps: 0.01
Episode 600, Score: 15.0, eps: 0.01
Episode 601, Score: 8.0, eps: 0.01
Episode 602, Score: 15.0, eps: 0.01
Episode 603, Score: 22.0, eps: 0.01
Episode 604, Score: 9.0, eps: 0.01
Episode 605, Score: 9.0, eps: 0.01
Episode 606, Score: 8.0, eps: 0.01
Episode 607, Score: 15.0, eps: 0.01
Episode 608, Score: 14.0, eps: 0.01
Episode 609, Score: 15.0, eps: 0.01
Episode 610, Score: 18.0, eps: 0.01
Episode 611, Score: 16.0, eps: 0.01
Episode 612, Score: 11.0, eps: 0.01
Episode 613, Score: 13.0, eps: 0.01
Episode 614, Score: 15.0, eps: 0.01
Episode 615, Score: 10.0, eps: 0.01
Episode 616, Score: 19.0, eps: 0.01
Episode 617, Score: 8.0, eps: 0.01
Episode 618, Score: 13.0, eps: 0.01
Episode 619, Score: 17.0, eps: 0.01
Episode 620, Score: 21.0, eps: 0.01
Episode 621, Score: 16.0, eps: 0.01
Episode 622, Score: 20.0, eps: 0.01
Episode 623, Score: 17.0, eps: 0.01
Episode 624, Score: 13.0, eps: 0.01
Episode 625, Score: 17.0, eps: 0.01
Episode 626, Score: 17.0, eps: 0.01
Episode 627, Score: 6.0, eps: 0.01
Episode 628, Score: 16.0, eps: 0.01
Episode 629, Score: 18.0, eps: 0.01
Episode 630, Score: 16.0, eps: 0.01
Episode 631, Score: 9.0, eps: 0.01
Episode 632, Score: 17.0, eps: 0.01
Episode 633, Score: 11.0, eps: 0.01
Episode 634, Score: 17.0, eps: 0.01
Episode 635, Score: 9.0, eps: 0.01
Episode 636, Score: 14.0, eps: 0.01
Episode 637, Score: 19.0, eps: 0.01
Episode 638, Score: 14.0, eps: 0.01
Episode 639, Score: 11.0, eps: 0.01
Episode 640, Score: 14.0, eps: 0.01
Episode 641, Score: 16.0, eps: 0.01
Episode 642, Score: 14.0, eps: 0.01
Episode 643, Score: 14.0, eps: 0.01
Episode 644, Score: 12.0, eps: 0.01
Episode 645, Score: 18.0, eps: 0.01
Episode 646, Score: 16.0, eps: 0.01
Episode 647, Score: 17.0, eps: 0.01
Episode 648, Score: 8.0, eps: 0.01
Episode 649, Score: 14.0, eps: 0.01
Episode 650, Score: 6.0, eps: 0.01
Episode 651, Score: 13.0, eps: 0.01
Episode 652, Score: 9.0, eps: 0.01
Episode 653, Score: 12.0, eps: 0.01
Episode 654, Score: 15.0, eps: 0.01
Episode 655, Score: 19.0, eps: 0.01
Episode 656, Score: 15.0, eps: 0.01
Episode 657, Score: 15.0, eps: 0.01
Episode 658, Score: 10.0, eps: 0.01
Episode 659, Score: 15.0, eps: 0.01
Episode 660, Score: 25.0, eps: 0.01
Episode 661, Score: 21.0, eps: 0.01
Episode 662, Score: 7.0, eps: 0.01
Episode 663, Score: 19.0, eps: 0.01
Episode 664, Score: 14.0, eps: 0.01
Episode 665, Score: 13.0, eps: 0.01
Episode 666, Score: 17.0, eps: 0.01
Episode 667, Score: 14.0, eps: 0.01
Episode 668, Score: 12.0, eps: 0.01
Episode 669, Score: 12.0, eps: 0.01
Episode 670, Score: 9.0, eps: 0.01
Episode 671, Score: 22.0, eps: 0.01
Episode 672, Score: 12.0, eps: 0.01
Episode 673, Score: 14.0, eps: 0.01
Episode 674, Score: 16.0, eps: 0.01
Episode 675, Score: 10.0, eps: 0.01
Episode 676, Score: 14.0, eps: 0.01
Episode 677, Score: 25.0, eps: 0.01
Episode 678, Score: 15.0, eps: 0.01
Episode 679, Score: 7.0, eps: 0.01
Episode 680, Score: 12.0, eps: 0.01
Episode 681, Score: 13.0, eps: 0.01
Episode 682, Score: 10.0, eps: 0.01
Episode 683, Score: 21.0, eps: 0.01
Episode 684, Score: 21.0, eps: 0.01
Episode 685, Score: 13.0, eps: 0.01
Episode 686, Score: 17.0, eps: 0.01
Episode 687, Score: 14.0, eps: 0.01
Episode 688, Score: 14.0, eps: 0.01
Episode 689, Score: 13.0, eps: 0.01
Episode 690, Score: 13.0, eps: 0.01
Episode 691, Score: 10.0, eps: 0.01
Episode 692, Score: 11.0, eps: 0.01
Episode 693, Score: 13.0, eps: 0.01
Episode 694, Score: 13.0, eps: 0.01
Episode 695, Score: 21.0, eps: 0.01
Episode 696, Score: 17.0, eps: 0.01
Episode 697, Score: 16.0, eps: 0.01
Episode 698, Score: 12.0, eps: 0.01
Episode 699, Score: 28.0, eps: 0.01
Episode 700, Score: 19.0, eps: 0.01
Episode 701, Score: 9.0, eps: 0.01
Episode 702, Score: 19.0, eps: 0.01
Episode 703, Score: 24.0, eps: 0.01
Episode 704, Score: 18.0, eps: 0.01
Episode 705, Score: 22.0, eps: 0.01
Episode 706, Score: 17.0, eps: 0.01
Episode 707, Score: 16.0, eps: 0.01
Episode 708, Score: 19.0, eps: 0.01
Episode 709, Score: 17.0, eps: 0.01
Episode 710, Score: 7.0, eps: 0.01
Episode 711, Score: 19.0, eps: 0.01
Episode 712, Score: 15.0, eps: 0.01
Episode 713, Score: 9.0, eps: 0.01
Episode 714, Score: 12.0, eps: 0.01
Episode 715, Score: 18.0, eps: 0.01
Episode 716, Score: 21.0, eps: 0.01
Episode 717, Score: 14.0, eps: 0.01
Episode 718, Score: 16.0, eps: 0.01
Episode 719, Score: 17.0, eps: 0.01
Episode 720, Score: 13.0, eps: 0.01
Episode 721, Score: 16.0, eps: 0.01
Episode 722, Score: 13.0, eps: 0.01
Episode 723, Score: 15.0, eps: 0.01
Episode 724, Score: 19.0, eps: 0.01
Episode 725, Score: 15.0, eps: 0.01
Episode 726, Score: 22.0, eps: 0.01
Episode 727, Score: 16.0, eps: 0.01
Episode 728, Score: 16.0, eps: 0.01
Episode 729, Score: 3.0, eps: 0.01
Episode 730, Score: 11.0, eps: 0.01
Episode 731, Score: 9.0, eps: 0.01
Episode 732, Score: 11.0, eps: 0.01
Episode 733, Score: 13.0, eps: 0.01
Episode 734, Score: 12.0, eps: 0.01
Episode 735, Score: 17.0, eps: 0.01
Episode 736, Score: 15.0, eps: 0.01
Episode 737, Score: 17.0, eps: 0.01
Episode 738, Score: 10.0, eps: 0.01
Episode 739, Score: 17.0, eps: 0.01
Episode 740, Score: 11.0, eps: 0.01
Episode 741, Score: 8.0, eps: 0.01
Episode 742, Score: 16.0, eps: 0.01
Episode 743, Score: 18.0, eps: 0.01
Episode 744, Score: 17.0, eps: 0.01
Episode 745, Score: 17.0, eps: 0.01
Episode 746, Score: 15.0, eps: 0.01
Episode 747, Score: 14.0, eps: 0.01
Episode 748, Score: 12.0, eps: 0.01
Episode 749, Score: 14.0, eps: 0.01
Episode 750, Score: 15.0, eps: 0.01
Episode 751, Score: 18.0, eps: 0.01
Episode 752, Score: 14.0, eps: 0.01
Episode 753, Score: 13.0, eps: 0.01
Episode 754, Score: 17.0, eps: 0.01
Episode 755, Score: 15.0, eps: 0.01
Episode 756, Score: 19.0, eps: 0.01
Episode 757, Score: 17.0, eps: 0.01
Episode 758, Score: 14.0, eps: 0.01
Episode 759, Score: 8.0, eps: 0.01
Episode 760, Score: 11.0, eps: 0.01
Episode 761, Score: 16.0, eps: 0.01
Episode 762, Score: 11.0, eps: 0.01
Episode 763, Score: 13.0, eps: 0.01
Episode 764, Score: 13.0, eps: 0.01
Episode 765, Score: 9.0, eps: 0.01
Episode 766, Score: 14.0, eps: 0.01
Episode 767, Score: 6.0, eps: 0.01
Episode 768, Score: 15.0, eps: 0.01
Episode 769, Score: 16.0, eps: 0.01
Episode 770, Score: 22.0, eps: 0.01
Episode 771, Score: 24.0, eps: 0.01
Episode 772, Score: 10.0, eps: 0.01
Episode 773, Score: 11.0, eps: 0.01
Episode 774, Score: 14.0, eps: 0.01
Episode 775, Score: 15.0, eps: 0.01
Episode 776, Score: 12.0, eps: 0.01
Episode 777, Score: 7.0, eps: 0.01
Episode 778, Score: 11.0, eps: 0.01
Episode 779, Score: 17.0, eps: 0.01
Episode 780, Score: 15.0, eps: 0.01
Episode 781, Score: 18.0, eps: 0.01
Episode 782, Score: 12.0, eps: 0.01
Episode 783, Score: 11.0, eps: 0.01
Episode 784, Score: 11.0, eps: 0.01
Episode 785, Score: 17.0, eps: 0.01
Episode 786, Score: 17.0, eps: 0.01
Episode 787, Score: 10.0, eps: 0.01
Episode 788, Score: 18.0, eps: 0.01
Episode 789, Score: 9.0, eps: 0.01
Episode 790, Score: 14.0, eps: 0.01
Episode 791, Score: 11.0, eps: 0.01
Episode 792, Score: 13.0, eps: 0.01
Episode 793, Score: 20.0, eps: 0.01
Episode 794, Score: 6.0, eps: 0.01
Episode 795, Score: 15.0, eps: 0.01
Episode 796, Score: 21.0, eps: 0.01
Episode 797, Score: 11.0, eps: 0.01
Episode 798, Score: 14.0, eps: 0.01
Episode 799, Score: 16.0, eps: 0.01
Episode 800, Score: 20.0, eps: 0.01
Episode 801, Score: 13.0, eps: 0.01
Episode 802, Score: 16.0, eps: 0.01
Episode 803, Score: 15.0, eps: 0.01
Episode 804, Score: 23.0, eps: 0.01
Episode 805, Score: 20.0, eps: 0.01
Episode 806, Score: 19.0, eps: 0.01
Episode 807, Score: 21.0, eps: 0.01
Episode 808, Score: 19.0, eps: 0.01
Episode 809, Score: 13.0, eps: 0.01
Episode 810, Score: 12.0, eps: 0.01
Episode 811, Score: 11.0, eps: 0.01
Episode 812, Score: 22.0, eps: 0.01
Episode 813, Score: 10.0, eps: 0.01
Episode 814, Score: 11.0, eps: 0.01
Episode 815, Score: 13.0, eps: 0.01
Episode 816, Score: 15.0, eps: 0.01
Episode 817, Score: 19.0, eps: 0.01
Episode 818, Score: 17.0, eps: 0.01
Episode 819, Score: 11.0, eps: 0.01
Episode 820, Score: 15.0, eps: 0.01
Episode 821, Score: 9.0, eps: 0.01
Episode 822, Score: 9.0, eps: 0.01
Episode 823, Score: 7.0, eps: 0.01
Episode 824, Score: 19.0, eps: 0.01
Episode 825, Score: 16.0, eps: 0.01
Episode 826, Score: 10.0, eps: 0.01
Episode 827, Score: 16.0, eps: 0.01
Episode 828, Score: 13.0, eps: 0.01
Episode 829, Score: 12.0, eps: 0.01
Episode 830, Score: 16.0, eps: 0.01
Episode 831, Score: 8.0, eps: 0.01
Episode 832, Score: 14.0, eps: 0.01
Episode 833, Score: 18.0, eps: 0.01
Episode 834, Score: 12.0, eps: 0.01
Episode 835, Score: 12.0, eps: 0.01
Episode 836, Score: 20.0, eps: 0.01
Episode 837, Score: 16.0, eps: 0.01
Episode 838, Score: 22.0, eps: 0.01
Episode 839, Score: 7.0, eps: 0.01
Episode 840, Score: 13.0, eps: 0.01
Episode 841, Score: 13.0, eps: 0.01
Episode 842, Score: 3.0, eps: 0.01
Episode 843, Score: 16.0, eps: 0.01
Episode 844, Score: 19.0, eps: 0.01
Episode 845, Score: 16.0, eps: 0.01
Episode 846, Score: 14.0, eps: 0.01
Episode 847, Score: 22.0, eps: 0.01
Episode 848, Score: 18.0, eps: 0.01
Episode 849, Score: 14.0, eps: 0.01
Episode 850, Score: 13.0, eps: 0.01
Episode 851, Score: 11.0, eps: 0.01
Episode 852, Score: 19.0, eps: 0.01
Episode 853, Score: 19.0, eps: 0.01
Episode 854, Score: 21.0, eps: 0.01
Episode 855, Score: 21.0, eps: 0.01
Episode 856, Score: 29.0, eps: 0.01
Episode 857, Score: 17.0, eps: 0.01
Episode 858, Score: 10.0, eps: 0.01
Episode 859, Score: 19.0, eps: 0.01
Episode 860, Score: 18.0, eps: 0.01
Episode 861, Score: 4.0, eps: 0.01
Episode 862, Score: 19.0, eps: 0.01
Episode 863, Score: 7.0, eps: 0.01
Episode 864, Score: 18.0, eps: 0.01
Episode 865, Score: 13.0, eps: 0.01
Episode 866, Score: 18.0, eps: 0.01
Episode 867, Score: 15.0, eps: 0.01
Episode 868, Score: 16.0, eps: 0.01
Episode 869, Score: 17.0, eps: 0.01
Episode 870, Score: 18.0, eps: 0.01
Episode 871, Score: 21.0, eps: 0.01
Episode 872, Score: 17.0, eps: 0.01
Episode 873, Score: 11.0, eps: 0.01
Episode 874, Score: 17.0, eps: 0.01
Episode 875, Score: 13.0, eps: 0.01
Episode 876, Score: 19.0, eps: 0.01
Episode 877, Score: 9.0, eps: 0.01
Episode 878, Score: 20.0, eps: 0.01
Episode 879, Score: 14.0, eps: 0.01
Episode 880, Score: 19.0, eps: 0.01
Episode 881, Score: 7.0, eps: 0.01
Episode 882, Score: 10.0, eps: 0.01
Episode 883, Score: 14.0, eps: 0.01
Episode 884, Score: 10.0, eps: 0.01
Episode 885, Score: 17.0, eps: 0.01
Episode 886, Score: 18.0, eps: 0.01
Episode 887, Score: 13.0, eps: 0.01
Episode 888, Score: 18.0, eps: 0.01
Episode 889, Score: 20.0, eps: 0.01
Episode 890, Score: 11.0, eps: 0.01
Episode 891, Score: 19.0, eps: 0.01
Episode 892, Score: 11.0, eps: 0.01
Episode 893, Score: 17.0, eps: 0.01
Episode 894, Score: 15.0, eps: 0.01
Episode 895, Score: 19.0, eps: 0.01
Episode 896, Score: 12.0, eps: 0.01
Episode 897, Score: 20.0, eps: 0.01
Episode 898, Score: 18.0, eps: 0.01
Episode 899, Score: 14.0, eps: 0.01
Episode 900, Score: 15.0, eps: 0.01
Episode 901, Score: 17.0, eps: 0.01
Episode 902, Score: 17.0, eps: 0.01
Episode 903, Score: 21.0, eps: 0.01
Episode 904, Score: 13.0, eps: 0.01
Episode 905, Score: 17.0, eps: 0.01
Episode 906, Score: 12.0, eps: 0.01
Episode 907, Score: 15.0, eps: 0.01
Episode 908, Score: 17.0, eps: 0.01
Episode 909, Score: 13.0, eps: 0.01
Episode 910, Score: 16.0, eps: 0.01
Episode 911, Score: 18.0, eps: 0.01
Episode 912, Score: 13.0, eps: 0.01
Episode 913, Score: 20.0, eps: 0.01
Episode 914, Score: 12.0, eps: 0.01
Episode 915, Score: 14.0, eps: 0.01
Episode 916, Score: 13.0, eps: 0.01
Episode 917, Score: 15.0, eps: 0.01
Episode 918, Score: 24.0, eps: 0.01
Episode 919, Score: 13.0, eps: 0.01
Episode 920, Score: 14.0, eps: 0.01
Episode 921, Score: 14.0, eps: 0.01
Episode 922, Score: 11.0, eps: 0.01
Episode 923, Score: 18.0, eps: 0.01
Episode 924, Score: 15.0, eps: 0.01
Episode 925, Score: 18.0, eps: 0.01
Episode 926, Score: 14.0, eps: 0.01
Episode 927, Score: 21.0, eps: 0.01
Episode 928, Score: 7.0, eps: 0.01
Episode 929, Score: 18.0, eps: 0.01
Episode 930, Score: 14.0, eps: 0.01
Episode 931, Score: 11.0, eps: 0.01
Episode 932, Score: 20.0, eps: 0.01
Episode 933, Score: 24.0, eps: 0.01
Episode 934, Score: 16.0, eps: 0.01
Episode 935, Score: 16.0, eps: 0.01
Episode 936, Score: 16.0, eps: 0.01
Episode 937, Score: 13.0, eps: 0.01
Episode 938, Score: 20.0, eps: 0.01
Episode 939, Score: 14.0, eps: 0.01
Episode 940, Score: 13.0, eps: 0.01
Episode 941, Score: 13.0, eps: 0.01
Episode 942, Score: 11.0, eps: 0.01
Episode 943, Score: 17.0, eps: 0.01
Episode 944, Score: 18.0, eps: 0.01
Episode 945, Score: 12.0, eps: 0.01
Episode 946, Score: 18.0, eps: 0.01
Episode 947, Score: 12.0, eps: 0.01
Episode 948, Score: 17.0, eps: 0.01
Episode 949, Score: 16.0, eps: 0.01
Episode 950, Score: 9.0, eps: 0.01
Episode 951, Score: 15.0, eps: 0.01
Episode 952, Score: 7.0, eps: 0.01
Episode 953, Score: 12.0, eps: 0.01
Episode 954, Score: 17.0, eps: 0.01
Episode 955, Score: 19.0, eps: 0.01
Episode 956, Score: 9.0, eps: 0.01
Episode 957, Score: 20.0, eps: 0.01
Episode 958, Score: 17.0, eps: 0.01
Episode 959, Score: 10.0, eps: 0.01
Episode 960, Score: 15.0, eps: 0.01
Episode 961, Score: 15.0, eps: 0.01
Episode 962, Score: 15.0, eps: 0.01
Episode 963, Score: 19.0, eps: 0.01
Episode 964, Score: 17.0, eps: 0.01
Episode 965, Score: 18.0, eps: 0.01
Episode 966, Score: 8.0, eps: 0.01
Episode 967, Score: 8.0, eps: 0.01
Episode 968, Score: 14.0, eps: 0.01
Episode 969, Score: 12.0, eps: 0.01
Episode 970, Score: 19.0, eps: 0.01
Episode 971, Score: 22.0, eps: 0.01
Episode 972, Score: 15.0, eps: 0.01
Episode 973, Score: 12.0, eps: 0.01
Episode 974, Score: 16.0, eps: 0.01
Episode 975, Score: 23.0, eps: 0.01
Episode 976, Score: 17.0, eps: 0.01
Episode 977, Score: 18.0, eps: 0.01
Episode 978, Score: 19.0, eps: 0.01
Episode 979, Score: 8.0, eps: 0.01
Episode 980, Score: 14.0, eps: 0.01
Episode 981, Score: 13.0, eps: 0.01
Episode 982, Score: 19.0, eps: 0.01
Episode 983, Score: 13.0, eps: 0.01
Episode 984, Score: 14.0, eps: 0.01
Episode 985, Score: 9.0, eps: 0.01
Episode 986, Score: 19.0, eps: 0.01
Episode 987, Score: 14.0, eps: 0.01
Episode 988, Score: 12.0, eps: 0.01
Episode 989, Score: 15.0, eps: 0.01
Episode 990, Score: 10.0, eps: 0.01
Episode 991, Score: 20.0, eps: 0.01
Episode 992, Score: 12.0, eps: 0.01
Episode 993, Score: 12.0, eps: 0.01
Episode 994, Score: 12.0, eps: 0.01
Episode 995, Score: 13.0, eps: 0.01
Episode 996, Score: 10.0, eps: 0.01
Episode 997, Score: 6.0, eps: 0.01
Episode 998, Score: 9.0, eps: 0.01
Episode 999, Score: 9.0, eps: 0.01
Episode 1000, Score: 13.0, eps: 0.01
Episode 1001, Score: 19.0, eps: 0.01
Episode 1002, Score: 16.0, eps: 0.01
Episode 1003, Score: 14.0, eps: 0.01
Episode 1004, Score: 14.0, eps: 0.01
Episode 1005, Score: 13.0, eps: 0.01
Episode 1006, Score: 7.0, eps: 0.01
Episode 1007, Score: 17.0, eps: 0.01
Episode 1008, Score: 17.0, eps: 0.01
Episode 1009, Score: 17.0, eps: 0.01
Episode 1010, Score: 18.0, eps: 0.01
Episode 1011, Score: 12.0, eps: 0.01
Episode 1012, Score: 14.0, eps: 0.01
Episode 1013, Score: 15.0, eps: 0.01
Episode 1014, Score: 18.0, eps: 0.01
Episode 1015, Score: 7.0, eps: 0.01
Episode 1016, Score: 17.0, eps: 0.01
Episode 1017, Score: 11.0, eps: 0.01
Episode 1018, Score: 13.0, eps: 0.01
Episode 1019, Score: 16.0, eps: 0.01
Episode 1020, Score: 22.0, eps: 0.01
Episode 1021, Score: 9.0, eps: 0.01
Episode 1022, Score: 16.0, eps: 0.01
Episode 1023, Score: 15.0, eps: 0.01
Episode 1024, Score: 11.0, eps: 0.01
Episode 1025, Score: 17.0, eps: 0.01
Episode 1026, Score: 19.0, eps: 0.01
Episode 1027, Score: 15.0, eps: 0.01
Episode 1028, Score: 15.0, eps: 0.01
Episode 1029, Score: 8.0, eps: 0.01
Episode 1030, Score: 14.0, eps: 0.01
Episode 1031, Score: 17.0, eps: 0.01
Episode 1032, Score: 20.0, eps: 0.01
Episode 1033, Score: 10.0, eps: 0.01
Episode 1034, Score: 7.0, eps: 0.01
Episode 1035, Score: 13.0, eps: 0.01
Episode 1036, Score: 11.0, eps: 0.01
Episode 1037, Score: 12.0, eps: 0.01
Episode 1038, Score: 13.0, eps: 0.01
Episode 1039, Score: 10.0, eps: 0.01
Episode 1040, Score: 23.0, eps: 0.01
Episode 1041, Score: 10.0, eps: 0.01
Episode 1042, Score: 16.0, eps: 0.01
Episode 1043, Score: 23.0, eps: 0.01
Episode 1044, Score: 21.0, eps: 0.01
Episode 1045, Score: 19.0, eps: 0.01
Episode 1046, Score: 18.0, eps: 0.01
Episode 1047, Score: 16.0, eps: 0.01
Episode 1048, Score: 16.0, eps: 0.01
Episode 1049, Score: 16.0, eps: 0.01
Episode 1050, Score: 14.0, eps: 0.01
Episode 1051, Score: 21.0, eps: 0.01
Episode 1052, Score: 12.0, eps: 0.01
Episode 1053, Score: 14.0, eps: 0.01
Episode 1054, Score: 19.0, eps: 0.01
Episode 1055, Score: 11.0, eps: 0.01
Episode 1056, Score: 19.0, eps: 0.01
Episode 1057, Score: 16.0, eps: 0.01
Episode 1058, Score: 12.0, eps: 0.01
Episode 1059, Score: 22.0, eps: 0.01
Episode 1060, Score: 15.0, eps: 0.01
Episode 1061, Score: 12.0, eps: 0.01
Episode 1062, Score: 21.0, eps: 0.01
Episode 1063, Score: 17.0, eps: 0.01
Episode 1064, Score: 18.0, eps: 0.01
Episode 1065, Score: 22.0, eps: 0.01
Episode 1066, Score: 16.0, eps: 0.01
Episode 1067, Score: 18.0, eps: 0.01
Episode 1068, Score: 16.0, eps: 0.01
Episode 1069, Score: 17.0, eps: 0.01
Episode 1070, Score: 17.0, eps: 0.01
Episode 1071, Score: 15.0, eps: 0.01
Episode 1072, Score: 19.0, eps: 0.01
Episode 1073, Score: 20.0, eps: 0.01
Episode 1074, Score: 7.0, eps: 0.01
Episode 1075, Score: 16.0, eps: 0.01
Episode 1076, Score: 21.0, eps: 0.01
Episode 1077, Score: 9.0, eps: 0.01
Episode 1078, Score: 19.0, eps: 0.01
Episode 1079, Score: 15.0, eps: 0.01
Episode 1080, Score: 15.0, eps: 0.01
Episode 1081, Score: 17.0, eps: 0.01
Episode 1082, Score: 13.0, eps: 0.01
Episode 1083, Score: 13.0, eps: 0.01
Episode 1084, Score: 10.0, eps: 0.01
Episode 1085, Score: 8.0, eps: 0.01
Episode 1086, Score: 16.0, eps: 0.01
Episode 1087, Score: 17.0, eps: 0.01
Episode 1088, Score: 22.0, eps: 0.01
Episode 1089, Score: 9.0, eps: 0.01
Episode 1090, Score: 17.0, eps: 0.01
Episode 1091, Score: 6.0, eps: 0.01
Episode 1092, Score: 19.0, eps: 0.01
Episode 1093, Score: 19.0, eps: 0.01
Episode 1094, Score: 15.0, eps: 0.01
Episode 1095, Score: 17.0, eps: 0.01
Episode 1096, Score: 11.0, eps: 0.01
Episode 1097, Score: 12.0, eps: 0.01
Episode 1098, Score: 16.0, eps: 0.01
Episode 1099, Score: 17.0, eps: 0.01
Episode 1100, Score: 13.0, eps: 0.01
Episode 1101, Score: 17.0, eps: 0.01
Episode 1102, Score: 26.0, eps: 0.01
Episode 1103, Score: 17.0, eps: 0.01
Episode 1104, Score: 19.0, eps: 0.01
Episode 1105, Score: 19.0, eps: 0.01
Episode 1106, Score: 15.0, eps: 0.01
Episode 1107, Score: 8.0, eps: 0.01
Episode 1108, Score: 11.0, eps: 0.01
Episode 1109, Score: 14.0, eps: 0.01
Episode 1110, Score: 15.0, eps: 0.01
Episode 1111, Score: 14.0, eps: 0.01
Episode 1112, Score: 11.0, eps: 0.01
Episode 1113, Score: 15.0, eps: 0.01
Episode 1114, Score: 11.0, eps: 0.01
Episode 1115, Score: 18.0, eps: 0.01
Episode 1116, Score: 16.0, eps: 0.01
Episode 1117, Score: 16.0, eps: 0.01
Episode 1118, Score: 11.0, eps: 0.01
Episode 1119, Score: 20.0, eps: 0.01
Episode 1120, Score: 19.0, eps: 0.01
Episode 1121, Score: 11.0, eps: 0.01
Episode 1122, Score: 12.0, eps: 0.01
Episode 1123, Score: 16.0, eps: 0.01
Episode 1124, Score: 12.0, eps: 0.01
Episode 1125, Score: 10.0, eps: 0.01
Episode 1126, Score: 19.0, eps: 0.01
Episode 1127, Score: 13.0, eps: 0.01
Episode 1128, Score: 5.0, eps: 0.01
Episode 1129, Score: 12.0, eps: 0.01
Episode 1130, Score: 20.0, eps: 0.01
Episode 1131, Score: 21.0, eps: 0.01
Episode 1132, Score: 17.0, eps: 0.01
Episode 1133, Score: 12.0, eps: 0.01
Episode 1134, Score: 18.0, eps: 0.01
Episode 1135, Score: 12.0, eps: 0.01
Episode 1136, Score: 14.0, eps: 0.01
Episode 1137, Score: 10.0, eps: 0.01
Episode 1138, Score: 14.0, eps: 0.01
Episode 1139, Score: 9.0, eps: 0.01
Episode 1140, Score: 9.0, eps: 0.01
Episode 1141, Score: 17.0, eps: 0.01
Episode 1142, Score: 9.0, eps: 0.01
Episode 1143, Score: 19.0, eps: 0.01
Episode 1144, Score: 17.0, eps: 0.01
Episode 1145, Score: 19.0, eps: 0.01
Episode 1146, Score: 7.0, eps: 0.01
Episode 1147, Score: 17.0, eps: 0.01
Episode 1148, Score: 21.0, eps: 0.01
Episode 1149, Score: 20.0, eps: 0.01
Episode 1150, Score: 21.0, eps: 0.01
Episode 1151, Score: 10.0, eps: 0.01
Episode 1152, Score: 17.0, eps: 0.01
Episode 1153, Score: 16.0, eps: 0.01
Episode 1154, Score: 16.0, eps: 0.01
Episode 1155, Score: 19.0, eps: 0.01
Episode 1156, Score: 21.0, eps: 0.01
Episode 1157, Score: 14.0, eps: 0.01
Episode 1158, Score: 16.0, eps: 0.01
Episode 1159, Score: 10.0, eps: 0.01
Episode 1160, Score: 11.0, eps: 0.01
Episode 1161, Score: 13.0, eps: 0.01
Episode 1162, Score: 11.0, eps: 0.01
Episode 1163, Score: 20.0, eps: 0.01
Episode 1164, Score: 19.0, eps: 0.01
Episode 1165, Score: 20.0, eps: 0.01
Episode 1166, Score: 16.0, eps: 0.01
Episode 1167, Score: 6.0, eps: 0.01
Episode 1168, Score: 20.0, eps: 0.01
Episode 1169, Score: 13.0, eps: 0.01
Episode 1170, Score: 19.0, eps: 0.01
Episode 1171, Score: 14.0, eps: 0.01
Episode 1172, Score: 15.0, eps: 0.01
Episode 1173, Score: 19.0, eps: 0.01
Episode 1174, Score: 15.0, eps: 0.01
Episode 1175, Score: 18.0, eps: 0.01
Episode 1176, Score: 24.0, eps: 0.01
Episode 1177, Score: 11.0, eps: 0.01
Episode 1178, Score: 23.0, eps: 0.01
Episode 1179, Score: 17.0, eps: 0.01
Episode 1180, Score: 11.0, eps: 0.01
Episode 1181, Score: 14.0, eps: 0.01
Episode 1182, Score: 9.0, eps: 0.01
Episode 1183, Score: 19.0, eps: 0.01
Episode 1184, Score: 8.0, eps: 0.01
Episode 1185, Score: 20.0, eps: 0.01
Episode 1186, Score: 16.0, eps: 0.01
Episode 1187, Score: 15.0, eps: 0.01
Episode 1188, Score: 18.0, eps: 0.01
Episode 1189, Score: 17.0, eps: 0.01
Episode 1190, Score: 13.0, eps: 0.01
Episode 1191, Score: 21.0, eps: 0.01
Episode 1192, Score: 19.0, eps: 0.01
Episode 1193, Score: 15.0, eps: 0.01
Episode 1194, Score: 20.0, eps: 0.01
Episode 1195, Score: 19.0, eps: 0.01
Episode 1196, Score: 16.0, eps: 0.01
Episode 1197, Score: 22.0, eps: 0.01
Episode 1198, Score: 18.0, eps: 0.01
Episode 1199, Score: 18.0, eps: 0.01
Episode 1200, Score: 19.0, eps: 0.01
Episode 1201, Score: 14.0, eps: 0.01
Episode 1202, Score: 12.0, eps: 0.01
Episode 1203, Score: 13.0, eps: 0.01
Episode 1204, Score: 15.0, eps: 0.01
Episode 1205, Score: 15.0, eps: 0.01
Episode 1206, Score: 21.0, eps: 0.01
Episode 1207, Score: 11.0, eps: 0.01
Episode 1208, Score: 14.0, eps: 0.01
Episode 1209, Score: 10.0, eps: 0.01
Episode 1210, Score: 17.0, eps: 0.01
Episode 1211, Score: 19.0, eps: 0.01
Episode 1212, Score: 15.0, eps: 0.01
Episode 1213, Score: 14.0, eps: 0.01
Episode 1214, Score: 16.0, eps: 0.01
Episode 1215, Score: 21.0, eps: 0.01
Episode 1216, Score: 22.0, eps: 0.01
Episode 1217, Score: 13.0, eps: 0.01
Episode 1218, Score: 17.0, eps: 0.01
Episode 1219, Score: 19.0, eps: 0.01
Episode 1220, Score: 19.0, eps: 0.01
Episode 1221, Score: 13.0, eps: 0.01
Episode 1222, Score: 21.0, eps: 0.01
Episode 1223, Score: 18.0, eps: 0.01
Episode 1224, Score: 19.0, eps: 0.01
Episode 1225, Score: 21.0, eps: 0.01
Episode 1226, Score: 7.0, eps: 0.01
Episode 1227, Score: 14.0, eps: 0.01
Episode 1228, Score: 21.0, eps: 0.01
Episode 1229, Score: 19.0, eps: 0.01
Episode 1230, Score: 17.0, eps: 0.01
Episode 1231, Score: 13.0, eps: 0.01
Episode 1232, Score: 13.0, eps: 0.01
Episode 1233, Score: 21.0, eps: 0.01
Episode 1234, Score: 19.0, eps: 0.01
Episode 1235, Score: 14.0, eps: 0.01
Episode 1236, Score: 22.0, eps: 0.01
Episode 1237, Score: 16.0, eps: 0.01
Episode 1238, Score: 17.0, eps: 0.01
Episode 1239, Score: 18.0, eps: 0.01
Episode 1240, Score: 17.0, eps: 0.01
Episode 1241, Score: 17.0, eps: 0.01
Episode 1242, Score: 22.0, eps: 0.01
Episode 1243, Score: 18.0, eps: 0.01
Episode 1244, Score: 18.0, eps: 0.01
Episode 1245, Score: 18.0, eps: 0.01
Episode 1246, Score: 19.0, eps: 0.01
Episode 1247, Score: 15.0, eps: 0.01
Episode 1248, Score: 19.0, eps: 0.01
Episode 1249, Score: 12.0, eps: 0.01
Episode 1250, Score: 23.0, eps: 0.01
Episode 1251, Score: 23.0, eps: 0.01
Episode 1252, Score: 11.0, eps: 0.01
Episode 1253, Score: 14.0, eps: 0.01
Episode 1254, Score: 23.0, eps: 0.01
Episode 1255, Score: 14.0, eps: 0.01
Episode 1256, Score: 20.0, eps: 0.01
Episode 1257, Score: 16.0, eps: 0.01
Episode 1258, Score: 15.0, eps: 0.01
Episode 1259, Score: 17.0, eps: 0.01
Episode 1260, Score: 17.0, eps: 0.01
Episode 1261, Score: 14.0, eps: 0.01
Episode 1262, Score: 15.0, eps: 0.01
Episode 1263, Score: 11.0, eps: 0.01
Episode 1264, Score: 15.0, eps: 0.01
Episode 1265, Score: 25.0, eps: 0.01
Episode 1266, Score: 22.0, eps: 0.01
Episode 1267, Score: 16.0, eps: 0.01
Episode 1268, Score: 15.0, eps: 0.01
Episode 1269, Score: 21.0, eps: 0.01
Episode 1270, Score: 16.0, eps: 0.01
Episode 1271, Score: 13.0, eps: 0.01
Episode 1272, Score: 18.0, eps: 0.01
Episode 1273, Score: 13.0, eps: 0.01
Episode 1274, Score: 12.0, eps: 0.01
Episode 1275, Score: 14.0, eps: 0.01
Episode 1276, Score: 14.0, eps: 0.01
Episode 1277, Score: 14.0, eps: 0.01
Episode 1278, Score: 17.0, eps: 0.01
Episode 1279, Score: 14.0, eps: 0.01
Episode 1280, Score: 13.0, eps: 0.01
Episode 1281, Score: 12.0, eps: 0.01
Episode 1282, Score: 19.0, eps: 0.01
Episode 1283, Score: 11.0, eps: 0.01
Episode 1284, Score: 9.0, eps: 0.01
Episode 1285, Score: 10.0, eps: 0.01
Episode 1286, Score: 18.0, eps: 0.01
Episode 1287, Score: 23.0, eps: 0.01
Episode 1288, Score: 23.0, eps: 0.01
Episode 1289, Score: 19.0, eps: 0.01
Episode 1290, Score: 19.0, eps: 0.01
Episode 1291, Score: 22.0, eps: 0.01
Episode 1292, Score: 16.0, eps: 0.01
Episode 1293, Score: 21.0, eps: 0.01
Episode 1294, Score: 15.0, eps: 0.01
Episode 1295, Score: 10.0, eps: 0.01
Episode 1296, Score: 15.0, eps: 0.01
Episode 1297, Score: 14.0, eps: 0.01
Episode 1298, Score: 18.0, eps: 0.01
Episode 1299, Score: 11.0, eps: 0.01
Episode 1300, Score: 16.0, eps: 0.01
Episode 1301, Score: 15.0, eps: 0.01
Episode 1302, Score: 11.0, eps: 0.01
Episode 1303, Score: 17.0, eps: 0.01
Episode 1304, Score: 17.0, eps: 0.01
Episode 1305, Score: 15.0, eps: 0.01
Episode 1306, Score: 16.0, eps: 0.01
Episode 1307, Score: 17.0, eps: 0.01
Episode 1308, Score: 15.0, eps: 0.01
Episode 1309, Score: 23.0, eps: 0.01
Episode 1310, Score: 11.0, eps: 0.01
Episode 1311, Score: 15.0, eps: 0.01
Episode 1312, Score: 16.0, eps: 0.01
Episode 1313, Score: 19.0, eps: 0.01
Episode 1314, Score: 18.0, eps: 0.01
Episode 1315, Score: 18.0, eps: 0.01
Episode 1316, Score: 17.0, eps: 0.01
Episode 1317, Score: 13.0, eps: 0.01
Episode 1318, Score: 13.0, eps: 0.01
Episode 1319, Score: 13.0, eps: 0.01
Episode 1320, Score: 18.0, eps: 0.01
Episode 1321, Score: 21.0, eps: 0.01
Episode 1322, Score: 18.0, eps: 0.01
Episode 1323, Score: 18.0, eps: 0.01
Episode 1324, Score: 16.0, eps: 0.01
Episode 1325, Score: 14.0, eps: 0.01
Episode 1326, Score: 17.0, eps: 0.01
Episode 1327, Score: 10.0, eps: 0.01
Episode 1328, Score: 22.0, eps: 0.01
Episode 1329, Score: 15.0, eps: 0.01
Episode 1330, Score: 11.0, eps: 0.01
Episode 1331, Score: 13.0, eps: 0.01
Episode 1332, Score: 19.0, eps: 0.01
Episode 1333, Score: 20.0, eps: 0.01
Episode 1334, Score: 17.0, eps: 0.01
Episode 1335, Score: 19.0, eps: 0.01
Episode 1336, Score: 21.0, eps: 0.01
Episode 1337, Score: 6.0, eps: 0.01
Episode 1338, Score: 17.0, eps: 0.01
Episode 1339, Score: 15.0, eps: 0.01
Episode 1340, Score: 11.0, eps: 0.01
Episode 1341, Score: 18.0, eps: 0.01
Episode 1342, Score: 16.0, eps: 0.01
Episode 1343, Score: 13.0, eps: 0.01
Episode 1344, Score: 14.0, eps: 0.01
Episode 1345, Score: 16.0, eps: 0.01
Episode 1346, Score: 13.0, eps: 0.01
Episode 1347, Score: 16.0, eps: 0.01
Episode 1348, Score: 15.0, eps: 0.01
Episode 1349, Score: 12.0, eps: 0.01
Episode 1350, Score: 11.0, eps: 0.01
Episode 1351, Score: 11.0, eps: 0.01
Episode 1352, Score: 20.0, eps: 0.01
Episode 1353, Score: 15.0, eps: 0.01
Episode 1354, Score: 18.0, eps: 0.01
Episode 1355, Score: 13.0, eps: 0.01
Episode 1356, Score: 21.0, eps: 0.01
Episode 1357, Score: 18.0, eps: 0.01
Episode 1358, Score: 15.0, eps: 0.01
Episode 1359, Score: 19.0, eps: 0.01
Episode 1360, Score: 16.0, eps: 0.01
Episode 1361, Score: 13.0, eps: 0.01
Episode 1362, Score: 17.0, eps: 0.01
Episode 1363, Score: 18.0, eps: 0.01
Episode 1364, Score: 18.0, eps: 0.01
Episode 1365, Score: 19.0, eps: 0.01
Episode 1366, Score: 10.0, eps: 0.01
Episode 1367, Score: 14.0, eps: 0.01
Episode 1368, Score: 12.0, eps: 0.01
Episode 1369, Score: 8.0, eps: 0.01
Episode 1370, Score: 16.0, eps: 0.01
Episode 1371, Score: 17.0, eps: 0.01
Episode 1372, Score: 18.0, eps: 0.01
Episode 1373, Score: 22.0, eps: 0.01
Episode 1374, Score: 16.0, eps: 0.01
Episode 1375, Score: 13.0, eps: 0.01
Episode 1376, Score: 21.0, eps: 0.01
Episode 1377, Score: 18.0, eps: 0.01
Episode 1378, Score: 21.0, eps: 0.01
Episode 1379, Score: 8.0, eps: 0.01
Episode 1380, Score: 16.0, eps: 0.01
Episode 1381, Score: 16.0, eps: 0.01
Episode 1382, Score: 14.0, eps: 0.01
Episode 1383, Score: 17.0, eps: 0.01
Episode 1384, Score: 12.0, eps: 0.01
Episode 1385, Score: 17.0, eps: 0.01
Episode 1386, Score: 15.0, eps: 0.01
Episode 1387, Score: 19.0, eps: 0.01
Episode 1388, Score: 14.0, eps: 0.01
Episode 1389, Score: 19.0, eps: 0.01
Episode 1390, Score: 13.0, eps: 0.01
Episode 1391, Score: 17.0, eps: 0.01
Episode 1392, Score: 21.0, eps: 0.01
Episode 1393, Score: 20.0, eps: 0.01
Episode 1394, Score: 14.0, eps: 0.01
Episode 1395, Score: 12.0, eps: 0.01
Episode 1396, Score: 16.0, eps: 0.01
Episode 1397, Score: 12.0, eps: 0.01
Episode 1398, Score: 18.0, eps: 0.01
Episode 1399, Score: 12.0, eps: 0.01
Episode 1400, Score: 22.0, eps: 0.01
Episode 1401, Score: 13.0, eps: 0.01
Episode 1402, Score: 12.0, eps: 0.01
Episode 1403, Score: 22.0, eps: 0.01
Episode 1404, Score: 15.0, eps: 0.01
Episode 1405, Score: 13.0, eps: 0.01
Episode 1406, Score: 6.0, eps: 0.01
Episode 1407, Score: 15.0, eps: 0.01
Episode 1408, Score: 17.0, eps: 0.01
Episode 1409, Score: 11.0, eps: 0.01
Episode 1410, Score: 12.0, eps: 0.01
Episode 1411, Score: 9.0, eps: 0.01
Episode 1412, Score: 19.0, eps: 0.01
Episode 1413, Score: 19.0, eps: 0.01
Episode 1414, Score: 13.0, eps: 0.01
Episode 1415, Score: 13.0, eps: 0.01
Episode 1416, Score: 17.0, eps: 0.01
Episode 1417, Score: 18.0, eps: 0.01
Episode 1418, Score: 16.0, eps: 0.01
Episode 1419, Score: 22.0, eps: 0.01
Episode 1420, Score: 11.0, eps: 0.01
Episode 1421, Score: 7.0, eps: 0.01
Episode 1422, Score: 20.0, eps: 0.01
Episode 1423, Score: 11.0, eps: 0.01
Episode 1424, Score: 23.0, eps: 0.01
Episode 1425, Score: 11.0, eps: 0.01
Episode 1426, Score: 10.0, eps: 0.01
Episode 1427, Score: 15.0, eps: 0.01
Episode 1428, Score: 20.0, eps: 0.01
Episode 1429, Score: 12.0, eps: 0.01
Episode 1430, Score: 21.0, eps: 0.01
Episode 1431, Score: 10.0, eps: 0.01
Episode 1432, Score: 12.0, eps: 0.01
Episode 1433, Score: 16.0, eps: 0.01
Episode 1434, Score: 15.0, eps: 0.01
Episode 1435, Score: 10.0, eps: 0.01
Episode 1436, Score: 18.0, eps: 0.01
Episode 1437, Score: 17.0, eps: 0.01
Episode 1438, Score: 15.0, eps: 0.01
Episode 1439, Score: 17.0, eps: 0.01
Episode 1440, Score: 11.0, eps: 0.01
Episode 1441, Score: 12.0, eps: 0.01
Episode 1442, Score: 13.0, eps: 0.01
Episode 1443, Score: 9.0, eps: 0.01
Episode 1444, Score: 12.0, eps: 0.01
Episode 1445, Score: 23.0, eps: 0.01
Episode 1446, Score: 17.0, eps: 0.01
Episode 1447, Score: 16.0, eps: 0.01
Episode 1448, Score: 15.0, eps: 0.01
Episode 1449, Score: 13.0, eps: 0.01
Episode 1450, Score: 13.0, eps: 0.01
Episode 1451, Score: 13.0, eps: 0.01
Episode 1452, Score: 19.0, eps: 0.01
Episode 1453, Score: 12.0, eps: 0.01
Episode 1454, Score: 22.0, eps: 0.01
Episode 1455, Score: 12.0, eps: 0.01
Episode 1456, Score: 15.0, eps: 0.01
Episode 1457, Score: 15.0, eps: 0.01
Episode 1458, Score: 16.0, eps: 0.01
Episode 1459, Score: 22.0, eps: 0.01
Episode 1460, Score: 14.0, eps: 0.01
Episode 1461, Score: 16.0, eps: 0.01
Episode 1462, Score: 20.0, eps: 0.01
Episode 1463, Score: 11.0, eps: 0.01
Episode 1464, Score: 14.0, eps: 0.01
Episode 1465, Score: 20.0, eps: 0.01
Episode 1466, Score: 13.0, eps: 0.01
Episode 1467, Score: 11.0, eps: 0.01
Episode 1468, Score: 13.0, eps: 0.01
Episode 1469, Score: 18.0, eps: 0.01
Episode 1470, Score: 13.0, eps: 0.01
Episode 1471, Score: 19.0, eps: 0.01
Episode 1472, Score: 18.0, eps: 0.01
Episode 1473, Score: 18.0, eps: 0.01
Episode 1474, Score: 17.0, eps: 0.01
Episode 1475, Score: 15.0, eps: 0.01
Episode 1476, Score: 12.0, eps: 0.01
Episode 1477, Score: 18.0, eps: 0.01
Episode 1478, Score: 15.0, eps: 0.01
Episode 1479, Score: 11.0, eps: 0.01
Episode 1480, Score: 16.0, eps: 0.01
Episode 1481, Score: 15.0, eps: 0.01
Episode 1482, Score: 15.0, eps: 0.01
Episode 1483, Score: 13.0, eps: 0.01
Episode 1484, Score: 21.0, eps: 0.01
Episode 1485, Score: 15.0, eps: 0.01
Episode 1486, Score: 12.0, eps: 0.01
Episode 1487, Score: 18.0, eps: 0.01
Episode 1488, Score: 15.0, eps: 0.01
Episode 1489, Score: 8.0, eps: 0.01
Episode 1490, Score: 20.0, eps: 0.01
Episode 1491, Score: 18.0, eps: 0.01
Episode 1492, Score: 16.0, eps: 0.01
Episode 1493, Score: 8.0, eps: 0.01
Episode 1494, Score: 15.0, eps: 0.01
Episode 1495, Score: 18.0, eps: 0.01
Episode 1496, Score: 11.0, eps: 0.01
Episode 1497, Score: 18.0, eps: 0.01
Episode 1498, Score: 14.0, eps: 0.01
Episode 1499, Score: 18.0, eps: 0.01
Episode 1500, Score: 18.0, eps: 0.01
Episode 1501, Score: 14.0, eps: 0.01
Episode 1502, Score: 24.0, eps: 0.01
Episode 1503, Score: 19.0, eps: 0.01
Episode 1504, Score: 24.0, eps: 0.01
Episode 1505, Score: 12.0, eps: 0.01
Episode 1506, Score: 16.0, eps: 0.01
Episode 1507, Score: 17.0, eps: 0.01
Episode 1508, Score: 14.0, eps: 0.01
Episode 1509, Score: 14.0, eps: 0.01
Episode 1510, Score: 15.0, eps: 0.01
Episode 1511, Score: 7.0, eps: 0.01
Episode 1512, Score: 15.0, eps: 0.01
Episode 1513, Score: 11.0, eps: 0.01
Episode 1514, Score: 13.0, eps: 0.01
Episode 1515, Score: 16.0, eps: 0.01
Episode 1516, Score: 15.0, eps: 0.01
Episode 1517, Score: 13.0, eps: 0.01
Episode 1518, Score: 15.0, eps: 0.01
Episode 1519, Score: 16.0, eps: 0.01
Episode 1520, Score: 12.0, eps: 0.01
Episode 1521, Score: 15.0, eps: 0.01
Episode 1522, Score: 18.0, eps: 0.01
Episode 1523, Score: 12.0, eps: 0.01
Episode 1524, Score: 15.0, eps: 0.01
Episode 1525, Score: 18.0, eps: 0.01
Episode 1526, Score: 17.0, eps: 0.01
Episode 1527, Score: 17.0, eps: 0.01
Episode 1528, Score: 18.0, eps: 0.01
Episode 1529, Score: 14.0, eps: 0.01
Episode 1530, Score: 10.0, eps: 0.01
Episode 1531, Score: 15.0, eps: 0.01
Episode 1532, Score: 16.0, eps: 0.01
Episode 1533, Score: 8.0, eps: 0.01
Episode 1534, Score: 19.0, eps: 0.01
Episode 1535, Score: 10.0, eps: 0.01
Episode 1536, Score: 20.0, eps: 0.01
Episode 1537, Score: 11.0, eps: 0.01
Episode 1538, Score: 16.0, eps: 0.01
Episode 1539, Score: 14.0, eps: 0.01
Episode 1540, Score: 17.0, eps: 0.01
Episode 1541, Score: 19.0, eps: 0.01
Episode 1542, Score: 15.0, eps: 0.01
Episode 1543, Score: 15.0, eps: 0.01
Episode 1544, Score: 15.0, eps: 0.01
Episode 1545, Score: 21.0, eps: 0.01
Episode 1546, Score: 17.0, eps: 0.01
Episode 1547, Score: 12.0, eps: 0.01
Episode 1548, Score: 13.0, eps: 0.01
Episode 1549, Score: 23.0, eps: 0.01
Episode 1550, Score: 19.0, eps: 0.01
Episode 1551, Score: 14.0, eps: 0.01
Episode 1552, Score: 14.0, eps: 0.01
Episode 1553, Score: 17.0, eps: 0.01
Episode 1554, Score: 16.0, eps: 0.01
Episode 1555, Score: 17.0, eps: 0.01
Episode 1556, Score: 15.0, eps: 0.01
Episode 1557, Score: 24.0, eps: 0.01
Episode 1558, Score: 17.0, eps: 0.01
Episode 1559, Score: 13.0, eps: 0.01
Episode 1560, Score: 17.0, eps: 0.01
Episode 1561, Score: 15.0, eps: 0.01
Episode 1562, Score: 22.0, eps: 0.01
Episode 1563, Score: 18.0, eps: 0.01
Episode 1564, Score: 11.0, eps: 0.01
Episode 1565, Score: 13.0, eps: 0.01
Episode 1566, Score: 16.0, eps: 0.01
Episode 1567, Score: 19.0, eps: 0.01
Episode 1568, Score: 17.0, eps: 0.01
Episode 1569, Score: 22.0, eps: 0.01
Episode 1570, Score: 18.0, eps: 0.01
Episode 1571, Score: 10.0, eps: 0.01
Episode 1572, Score: 17.0, eps: 0.01
Episode 1573, Score: 23.0, eps: 0.01
Episode 1574, Score: 16.0, eps: 0.01
Episode 1575, Score: 15.0, eps: 0.01
Episode 1576, Score: 13.0, eps: 0.01
Episode 1577, Score: 15.0, eps: 0.01
Episode 1578, Score: 11.0, eps: 0.01
Episode 1579, Score: 22.0, eps: 0.01
Episode 1580, Score: 15.0, eps: 0.01
Episode 1581, Score: 20.0, eps: 0.01
Episode 1582, Score: 20.0, eps: 0.01
Episode 1583, Score: 17.0, eps: 0.01
Episode 1584, Score: 15.0, eps: 0.01
Episode 1585, Score: 9.0, eps: 0.01
Episode 1586, Score: 15.0, eps: 0.01
Episode 1587, Score: 16.0, eps: 0.01
Episode 1588, Score: 11.0, eps: 0.01
Episode 1589, Score: 17.0, eps: 0.01
Episode 1590, Score: 14.0, eps: 0.01
Episode 1591, Score: 16.0, eps: 0.01
Episode 1592, Score: 11.0, eps: 0.01
Episode 1593, Score: 15.0, eps: 0.01
Episode 1594, Score: 16.0, eps: 0.01
Episode 1595, Score: 15.0, eps: 0.01
Episode 1596, Score: 18.0, eps: 0.01
Episode 1597, Score: 17.0, eps: 0.01
Episode 1598, Score: 10.0, eps: 0.01
Episode 1599, Score: 11.0, eps: 0.01
Episode 1600, Score: 18.0, eps: 0.01
Episode 1601, Score: 14.0, eps: 0.01
Episode 1602, Score: 15.0, eps: 0.01
Episode 1603, Score: 13.0, eps: 0.01
Episode 1604, Score: 12.0, eps: 0.01
Episode 1605, Score: 15.0, eps: 0.01
Episode 1606, Score: 14.0, eps: 0.01
Episode 1607, Score: 15.0, eps: 0.01
Episode 1608, Score: 10.0, eps: 0.01
Episode 1609, Score: 16.0, eps: 0.01
Episode 1610, Score: 21.0, eps: 0.01
Episode 1611, Score: 18.0, eps: 0.01
Episode 1612, Score: 12.0, eps: 0.01
Episode 1613, Score: 18.0, eps: 0.01
Episode 1614, Score: 20.0, eps: 0.01
Episode 1615, Score: 12.0, eps: 0.01
Episode 1616, Score: 19.0, eps: 0.01
Episode 1617, Score: 12.0, eps: 0.01
Episode 1618, Score: 13.0, eps: 0.01
Episode 1619, Score: 21.0, eps: 0.01
Episode 1620, Score: 16.0, eps: 0.01
Episode 1621, Score: 12.0, eps: 0.01
Episode 1622, Score: 18.0, eps: 0.01
Episode 1623, Score: 7.0, eps: 0.01
Episode 1624, Score: 13.0, eps: 0.01
Episode 1625, Score: 15.0, eps: 0.01
Episode 1626, Score: 16.0, eps: 0.01
Episode 1627, Score: 23.0, eps: 0.01
Episode 1628, Score: 23.0, eps: 0.01
Episode 1629, Score: 17.0, eps: 0.01
Episode 1630, Score: 18.0, eps: 0.01
Episode 1631, Score: 17.0, eps: 0.01
Episode 1632, Score: 18.0, eps: 0.01
Episode 1633, Score: 13.0, eps: 0.01
Episode 1634, Score: 17.0, eps: 0.01
Episode 1635, Score: 19.0, eps: 0.01
Episode 1636, Score: 18.0, eps: 0.01
Episode 1637, Score: 14.0, eps: 0.01
Episode 1638, Score: 17.0, eps: 0.01
Episode 1639, Score: 17.0, eps: 0.01
Episode 1640, Score: 16.0, eps: 0.01
Episode 1641, Score: 16.0, eps: 0.01
Episode 1642, Score: 14.0, eps: 0.01
Episode 1643, Score: 17.0, eps: 0.01
Episode 1644, Score: 14.0, eps: 0.01
Episode 1645, Score: 17.0, eps: 0.01
Episode 1646, Score: 14.0, eps: 0.01
Episode 1647, Score: 15.0, eps: 0.01
Episode 1648, Score: 18.0, eps: 0.01
Episode 1649, Score: 20.0, eps: 0.01
Episode 1650, Score: 14.0, eps: 0.01
Episode 1651, Score: 17.0, eps: 0.01
Episode 1652, Score: 18.0, eps: 0.01
Episode 1653, Score: 12.0, eps: 0.01
Episode 1654, Score: 15.0, eps: 0.01
Episode 1655, Score: 14.0, eps: 0.01
Episode 1656, Score: 11.0, eps: 0.01
Episode 1657, Score: 20.0, eps: 0.01
Episode 1658, Score: 15.0, eps: 0.01
Episode 1659, Score: 9.0, eps: 0.01
Episode 1660, Score: 13.0, eps: 0.01
Episode 1661, Score: 11.0, eps: 0.01
Episode 1662, Score: 20.0, eps: 0.01
Episode 1663, Score: 16.0, eps: 0.01
Episode 1664, Score: 6.0, eps: 0.01
Episode 1665, Score: 10.0, eps: 0.01
Episode 1666, Score: 14.0, eps: 0.01
Episode 1667, Score: 17.0, eps: 0.01
Episode 1668, Score: 20.0, eps: 0.01
Episode 1669, Score: 20.0, eps: 0.01
Episode 1670, Score: 20.0, eps: 0.01
Episode 1671, Score: 19.0, eps: 0.01
Episode 1672, Score: 18.0, eps: 0.01
Episode 1673, Score: 18.0, eps: 0.01
Episode 1674, Score: 13.0, eps: 0.01
Episode 1675, Score: 18.0, eps: 0.01
Episode 1676, Score: 17.0, eps: 0.01
Episode 1677, Score: 12.0, eps: 0.01
Episode 1678, Score: 20.0, eps: 0.01
Episode 1679, Score: 24.0, eps: 0.01
Episode 1680, Score: 10.0, eps: 0.01
Episode 1681, Score: 14.0, eps: 0.01
Episode 1682, Score: 19.0, eps: 0.01
Episode 1683, Score: 14.0, eps: 0.01
Episode 1684, Score: 14.0, eps: 0.01
Episode 1685, Score: 19.0, eps: 0.01
Episode 1686, Score: 15.0, eps: 0.01
Episode 1687, Score: 14.0, eps: 0.01
Episode 1688, Score: 16.0, eps: 0.01
Episode 1689, Score: 8.0, eps: 0.01
Episode 1690, Score: 18.0, eps: 0.01
Episode 1691, Score: 13.0, eps: 0.01
Episode 1692, Score: 18.0, eps: 0.01
Episode 1693, Score: 9.0, eps: 0.01
Episode 1694, Score: 15.0, eps: 0.01
Episode 1695, Score: 15.0, eps: 0.01
Episode 1696, Score: 17.0, eps: 0.01
Episode 1697, Score: 17.0, eps: 0.01
Episode 1698, Score: 15.0, eps: 0.01
Episode 1699, Score: 15.0, eps: 0.01
Episode 1700, Score: 20.0, eps: 0.01
Episode 1701, Score: 20.0, eps: 0.01
Episode 1702, Score: 11.0, eps: 0.01
Episode 1703, Score: 13.0, eps: 0.01
Episode 1704, Score: 19.0, eps: 0.01
Episode 1705, Score: 18.0, eps: 0.01
Episode 1706, Score: 12.0, eps: 0.01
Episode 1707, Score: 13.0, eps: 0.01
Episode 1708, Score: 12.0, eps: 0.01
Episode 1709, Score: 13.0, eps: 0.01
Episode 1710, Score: 17.0, eps: 0.01
Episode 1711, Score: 11.0, eps: 0.01
Episode 1712, Score: 15.0, eps: 0.01
Episode 1713, Score: 16.0, eps: 0.01
Episode 1714, Score: 15.0, eps: 0.01
Episode 1715, Score: 13.0, eps: 0.01
Episode 1716, Score: 14.0, eps: 0.01
Episode 1717, Score: 15.0, eps: 0.01
Episode 1718, Score: 23.0, eps: 0.01
Episode 1719, Score: 17.0, eps: 0.01
Episode 1720, Score: 16.0, eps: 0.01
Episode 1721, Score: 19.0, eps: 0.01
Episode 1722, Score: 15.0, eps: 0.01
Episode 1723, Score: 22.0, eps: 0.01
Episode 1724, Score: 9.0, eps: 0.01
Episode 1725, Score: 18.0, eps: 0.01
Episode 1726, Score: 16.0, eps: 0.01
Episode 1727, Score: 15.0, eps: 0.01
Episode 1728, Score: 23.0, eps: 0.01
Episode 1729, Score: 15.0, eps: 0.01
Episode 1730, Score: 16.0, eps: 0.01
Episode 1731, Score: 17.0, eps: 0.01
Episode 1732, Score: 14.0, eps: 0.01
Episode 1733, Score: 18.0, eps: 0.01
Episode 1734, Score: 19.0, eps: 0.01
Episode 1735, Score: 18.0, eps: 0.01
Episode 1736, Score: 17.0, eps: 0.01
Episode 1737, Score: 7.0, eps: 0.01
Episode 1738, Score: 12.0, eps: 0.01
Episode 1739, Score: 16.0, eps: 0.01
Episode 1740, Score: 9.0, eps: 0.01
Episode 1741, Score: 19.0, eps: 0.01
Episode 1742, Score: 14.0, eps: 0.01
Episode 1743, Score: 20.0, eps: 0.01
Episode 1744, Score: 14.0, eps: 0.01
Episode 1745, Score: 16.0, eps: 0.01
Episode 1746, Score: 20.0, eps: 0.01
Episode 1747, Score: 17.0, eps: 0.01
Episode 1748, Score: 20.0, eps: 0.01
Episode 1749, Score: 13.0, eps: 0.01
Episode 1750, Score: 21.0, eps: 0.01
Episode 1751, Score: 14.0, eps: 0.01
Episode 1752, Score: 4.0, eps: 0.01
Episode 1753, Score: 15.0, eps: 0.01
Episode 1754, Score: 14.0, eps: 0.01
Episode 1755, Score: 20.0, eps: 0.01
Episode 1756, Score: 17.0, eps: 0.01
Episode 1757, Score: 19.0, eps: 0.01
Episode 1758, Score: 15.0, eps: 0.01
Episode 1759, Score: 13.0, eps: 0.01
Episode 1760, Score: 18.0, eps: 0.01
Episode 1761, Score: 18.0, eps: 0.01
Episode 1762, Score: 17.0, eps: 0.01
